Time (s),Throttle,Rotation speed (rpm),Thrust (kgf),Torque (N⋅m),Voltage (V),Current (A),Electrical power (W),Mechanical power (W),Motor & ESC efficiency (%),Propeller efficiency (gf/W),Propulsion system efficiency (gf/W),Motor_Name,Propeller_Name
0.29254599999991,0.0,0.0,0.0010095716676918,-0.0001671534347967,23.905965499878,0.035350012332201,0.845076175233859,0.0,0.0,,,T-Motor Antigravity MN4004 300kV,T-Motor P15x5
4.9471527999999,0.125,533.999999999997,0.0112362121422595,0.0025019206121011,23.90545715332,0.057218347042799,1.3678307436154258,0.1399082743841813,10.228478562660342,80.31127673982664,8.214621724731991,T-Motor Antigravity MN4004 300kV,T-Motor P15x5
9.5730041999999,0.25,1211.000000000019,0.0637326027069886,0.012964635343751,23.903928070068,0.1477405756712,3.5315800938748034,1.6441183139185214,46.55475085415991,38.76400023492899,18.04648373047716,T-Motor Antigravity MN4004 300kV,T-Motor P15x5
14.1988934,0.375,1809.99999999996,0.1472935236693366,0.029872326600233,23.89848815918,0.36785196185112,8.791105754630125,5.6620831348398015,64.40695053472288,26.01401642498208,16.754834690932896,T-Motor Antigravity MN4004 300kV,T-Motor P15x5
18.8463504,0.5,2340.9999999999663,0.252295210882391,0.050245281298946,23.890885848999,0.73844627857208,17.64213574698368,12.317577788846435,69.8190852031756,20.48253440792916,14.300718150041815,T-Motor Antigravity MN4004 300kV,T-Motor P15x5
23.499511,0.625,2848.9999999999936,0.3931270793036256,0.076369051846391,23.879257888794,1.2828343486786,30.63313224069937,22.784445614604675,74.37843912132863,17.254186735692784,12.833394777087616,T-Motor Antigravity MN4004 300kV,T-Motor P15x5
28.1481158,0.75,3349.999999999998,0.5504807545368297,0.10601353339199,23.858685684204,2.0593331432343,49.13298218349102,37.19073270819985,75.6940268134104,14.801557120585018,11.20389461565788,T-Motor Antigravity MN4004 300kV,T-Motor P15x5
32.7503768,0.875,3825.000000000013,0.7366416229572994,0.14021666121422,23.833162612915,3.1274869060516,74.53790400169021,56.1642131796392,75.34986921334095,13.115854051069457,9.882778873693518,T-Motor Antigravity MN4004 300kV,T-Motor P15x5
37.4340964,1.0,4285.999999999984,0.9442092762352484,0.17617503783663,23.798821868896,4.5417900276184,108.08925183321854,79.07244323244277,73.15476968464112,11.941066162071586,8.735459448754083,T-Motor Antigravity MN4004 300kV,T-Motor P15x5
