Time (s),Throttle,Rotation speed (rpm),Thrust (kgf),Torque (N⋅m),Voltage (V),Current (A),Electrical power (W),Mechanical power (W),Motor & ESC efficiency (%),Propeller efficiency (gf/W),Propulsion system efficiency (gf/W),Motor_Name,Propeller_Name
0.35240000000002,0.0,0.0,0.0004705776797872,2.68664707071e-05,23.897995147705,0.034546964764595,0.8256031963122269,0.0,0.0,,,T-Motor Antigravity MN4004 300kV,APC 16x55MRP
5.0842338,0.125,519.9999999999992,0.0138575975684306,0.0039865817604815,23.897380447388,0.061847563385963,1.477994751978302,0.2170864101755046,14.687901285504129,63.83447751163863,9.375945043026816,T-Motor Antigravity MN4004 300kV,APC 16x55MRP
9.8123796,0.25,1170.9999999999848,0.0809121423078553,0.018629250109552,23.894653625488,0.18402780592442,4.397280680022544,2.2844459466656666,51.95133340121364,35.41871604620508,18.40049525959316,T-Motor Antigravity MN4004 300kV,APC 16x55MRP
14.5396318,0.375,1722.9999999999638,0.1868241342776381,0.039682154822255,23.888145370483,0.45155789613724,10.786880666115852,7.159936037850658,66.37633491526158,26.092989279513304,17.31956995357305,T-Motor Antigravity MN4004 300kV,APC 16x55MRP
19.271838,0.5,2207.0000000000086,0.3202408758575865,0.067261567977426,23.878804397583,0.92381197452545,22.05952543983815,15.545258145125862,70.46959458634626,20.60055052594906,14.517124438191724,T-Motor Antigravity MN4004 300kV,APC 16x55MRP
24.0418484,0.625,2677.000000000008,0.4853569479268761,0.099399421440035,23.861999435425,1.6170699119568,38.58652132615591,27.86511538437672,72.21463460995724,17.418084986613902,12.57840642913505,T-Motor Antigravity MN4004 300kV,APC 16x55MRP
28.8260162,0.75,3112.999999999992,0.6867767958433614,0.13928940580347,23.836278686523,2.6574620342255,63.344005646653336,45.40731522822152,71.68368145442746,15.12480516391589,10.842017154304262,T-Motor Antigravity MN4004 300kV,APC 16x55MRP
33.5962138,0.875,4201.999999999996,0.9147173987636248,0.18250769655004,23.800962142944,4.0933186149597,97.4249213936638,80.3093017413084,82.43199028799162,11.389930916223182,9.38894674667005,T-Motor Antigravity MN4004 300kV,APC 16x55MRP
38.361529,1.0,3952.000000000044,1.1604406397616924,0.22913966436071,23.752547607422,6.0199287033081,142.98864311861183,94.83001658229678,66.31996395939883,12.23706039062665,8.115614040753465,T-Motor Antigravity MN4004 300kV,APC 16x55MRP
