Time (s),Throttle,Rotation speed (rpm),Thrust (kgf),Torque (N⋅m),Voltage (V),Current (A),Electrical power (W),Mechanical power (W),Motor & ESC efficiency (%),Propeller efficiency (gf/W),Propulsion system efficiency (gf/W),Motor_Name,Propeller_Name
0.0,0.0,0.0,-0.0001320382826439,-6.53745126832e-05,15.201186065674,0.10065805017948,1.5301217497862256,0.0,0.0,,,EMAX ECOII-2807-1300KV,HQ Prop 7X4X3
10.0380792,0.4,5803.000000000042,0.1697276260600307,0.028829010008414,15.113238372803,2.2194900035858,33.54368149024558,17.519064737460738,52.227614737384265,9.68816706847968,5.059898571639701,EMAX ECOII-2807-1300KV,HQ Prop 7X4X3
15.102769399998,0.6,7556.000000000008,0.3006546844237839,0.049003613997931,15.017878036499,4.3682811546326,65.60231360940942,38.77472063545167,59.10572128036985,7.753883960904563,4.582989042335553,EMAX ECOII-2807-1300KV,HQ Prop 7X4X3
20.141919999999,0.8,8894.999999999965,0.4263550827189509,0.067627508711697,14.908752975464,6.7085919761658,100.01674058583578,62.99382206885149,62.98327829908564,6.768204701930134,4.2628372032684565,EMAX ECOII-2807-1300KV,HQ Prop 7X4X3
25.169980999999,1.0,9968.0000000003,0.5431277252234555,0.085120900240837,14.788256034851,9.1150269699097,134.79535259559674,88.85315541333593,65.91707629558026,6.112644201512936,4.029276341988645,EMAX ECOII-2807-1300KV,HQ Prop 7X4X3
