Time (s),Throttle,Rotation speed (rpm),Thrust (kgf),Torque (N⋅m),Voltage (V),Current (A),Electrical power (W),Mechanical power (W),Motor & ESC efficiency (%),Propeller efficiency (gf/W),Propulsion system efficiency (gf/W),Motor_Name,Propeller_Name
0.33971940000008,0.0,0.0,-5.20326552279e-05,1.07600335124e-05,22.711070710682,0.016697663259892,0.3792218109985641,0.0,0.0,,,T-Motor MN3510 360Kv,T-Motor MF1302
9.0685672000001,0.5,66904.99999999965,0.416749911618514,0.068847999390866,22.662289765565,1.605373820052,36.381446692070426,482.3680318227401,1325.8627011329795,0.8639666895911973,11.455012087503034,T-Motor MN3510 360Kv,T-Motor MF1302
14.7783652,0.7,27381.99999999977,0.8513163877410636,0.13419074832787,22.584712344939,4.1563004784151,93.8688507241374,384.7834275341061,409.915988707384,2.2124559604781973,9.06921072510965,T-Motor MN3510 360Kv,T-Motor MF1302
19.5066252,0.8,55636.9999999999,1.1319287487887302,0.17296946767374,22.522433422155,6.0324824814656,135.86618505912534,1007.770801418264,741.7377627698231,1.123200580127679,8.33120285445672,T-Motor MN3510 360Kv,T-Motor MF1302
24.1959558,0.9,29151.9999999998,1.3686487249723402,0.20865614698787,22.444723944951,8.3033223362327,186.36577766268857,636.9834618204092,341.79207674775614,2.148640909861199,7.343884387666476,T-Motor MN3510 360Kv,T-Motor MF1302
28.9297364,1.0,13694.999999999613,1.4739827768116534,0.22157507743326,22.415422058331,8.7937439939533,197.1154830973765,317.7690270979436,161.20957222876464,4.638535071441493,7.477762546352053,T-Motor MN3510 360Kv,T-Motor MF1302
