Time (s),Throttle,Rotation speed (rpm),Thrust (kgf),Torque (N⋅m),Voltage (V),Current (A),Electrical power (W),Mechanical power (W),Motor & ESC efficiency (%),Propeller efficiency (gf/W),Propulsion system efficiency (gf/W),Motor_Name,Propeller_Name
0.3306536,0.0,0.0,0.0002345495455937,0.000115820087578,22.722698506211,0.01648127195283,0.3744989735830275,0.0,0.0,,,T-Motor MN3510 360Kv,T-Motor MF1302
9.0162078,0.5,68666.00000000041,0.4291988670760963,0.069924617298051,22.675353887086,1.6266465253342,36.88478561115178,502.8060159605668,1363.1799877089377,0.8536072629444371,11.636203382088574,T-Motor MN3510 360Kv,T-Motor MF1302
14.7396136,0.7,23718.999999999905,0.8588663024705482,0.13291037389298,22.597796942549,4.1142701173732,92.97344067919684,330.1291493186967,355.0789848229898,2.6016069900008274,9.237759689178878,T-Motor MN3510 360Kv,T-Motor MF1302
19.4356756,0.8,44283.99999999988,1.1276860977309275,0.17273549566623,22.535184526771,5.9893280084724,134.97061186228342,801.0452520332726,593.4960514594208,1.4077682813405994,8.355049163454607,T-Motor MN3510 360Kv,T-Motor MF1302
24.145054,0.9,26511.99999999981,1.4144801740517914,0.21206208469716,22.458277501232,8.3011036942579,186.42849033214603,588.7543589357069,315.8070732036537,2.4024963086621587,7.587253276211782,T-Motor MN3510 360Kv,T-Motor MF1302
28.8539382,1.0,15194.999999999713,1.4483764803788246,0.21776829461988,22.427342504576,8.7138419328369,195.42831755846967,346.5165425659466,177.3113266772474,4.17981914991311,7.411292787420578,T-Motor MN3510 360Kv,T-Motor MF1302
