Time (s),Throttle,Rotation speed (rpm),Thrust (kgf),Torque (N⋅m),Voltage (V),Current (A),Electrical power (W),Mechanical power (W),Motor & ESC efficiency (%),Propeller efficiency (gf/W),Propulsion system efficiency (gf/W),Motor_Name,Propeller_Name
0.27742040000007,0.0,0.0,-3.20470803267e-05,-5.44339426773e-05,14.886634019268,0.65720163349198,9.783520194660207,0.0,0.0,,,RCbenchmark x Xoar 2407 2300kv,RCbenchmark x Xoar 8x8
8.9470322000001,0.3,3836.999999999957,0.1006389559086844,0.018421438794987,14.86782712314,1.4706123034935,21.86480949350405,7.40191280304253,33.85308618966751,13.596344429688113,4.6027821984263735,RCbenchmark x Xoar 2407 2300kv,RCbenchmark x Xoar 8x8
13.0224966,0.4,5082.9999999999945,0.1759126960994019,0.032345644284162,14.843033593288,2.4711694870436,36.67965171089643,17.217279662861195,46.93959418853057,10.217217791894106,4.795920568873437,RCbenchmark x Xoar 2407 2300kv,RCbenchmark x Xoar 8x8
17.0980468,0.5,6316.999999999993,0.2732476186690052,0.04975029202101,14.806486022775,4.0974042341998,60.66815852333844,32.910549157460586,54.24682396582092,8.302736528693321,4.503970869066177,RCbenchmark x Xoar 2407 2300kv,RCbenchmark x Xoar 8x8
21.1861498,0.6,7425.999999999968,0.378156570418257,0.068658866476503,14.756664002511,6.2697172245288,92.52011047312732,53.392492094964105,57.70906651745955,7.082579508475952,4.087290519698348,RCbenchmark x Xoar 2407 2300kv,RCbenchmark x Xoar 8x8
25.2925878,0.7,8401.999999999987,0.4726994952205799,0.087614400193345,14.699025198052,8.8997685967131,130.81792285991776,77.08800159597115,58.927706472238064,6.131946417525041,3.6134153859540734,RCbenchmark x Xoar 2407 2300kv,RCbenchmark x Xoar 8x8
29.3857434,0.8,9291.000000000013,0.5769695063387191,0.10588943489398,14.622945908656,12.158217649861,177.78895903958406,103.02525749304112,57.94806271974567,5.600272402888106,3.245249364502208,RCbenchmark x Xoar 2407 2300kv,RCbenchmark x Xoar 8x8
33.4755908,0.9,9940.99999999964,0.6742891353678065,0.124768396152,14.52840320903,16.340279961212,237.39817582492103,129.8862816794858,54.71241774632495,5.191380695859151,2.8403298931205296,RCbenchmark x Xoar 2407 2300kv,RCbenchmark x Xoar 8x8
37.561037,1.0,10509.99999999977,0.7513692056609037,0.13990536747311,14.426820719306,20.743188221771,299.25825762231005,153.9804946861697,51.45405039432745,4.879638860702989,2.510771838447302,RCbenchmark x Xoar 2407 2300kv,RCbenchmark x Xoar 8x8
