Time (s),Throttle,Rotation speed (rpm),Thrust (kgf),Torque (N⋅m),Voltage (V),Current (A),Electrical power (W),Mechanical power (W),Motor & ESC efficiency (%),Propeller efficiency (gf/W),Propulsion system efficiency (gf/W),Motor_Name,Propeller_Name
0.29152820000001,0.0,0.0,-6.0133247598e-06,8.71854498391e-05,14.866398681132,0.65937818470322,9.802578975439165,0.0,0.0,,,RCbenchmark x Xoar 2407 2300kv,RCbenchmark x Xoar 8x4
8.9879766,0.3,4256.9999999999845,0.0836158876318528,0.014487086005446,14.846850421469,1.3915248379245,20.659761126423945,6.4582270089651495,31.25993069060728,12.947189300682584,4.047282401775097,RCbenchmark x Xoar 2407 2300kv,RCbenchmark x Xoar 8x4
13.1038848,0.4,5521.999999999988,0.1547707686325096,0.023586490785523,14.831136672789,2.1192562214623,31.430978665165767,13.639182839418636,43.39407622243284,11.347510364419064,4.924147296884475,RCbenchmark x Xoar 2407 2300kv,RCbenchmark x Xoar 8x4
17.2191748,0.5,6897.999999999971,0.2494815688169966,0.03625659555891,14.801483037681,3.3277575264437,49.25574658117171,26.19020091435412,53.17186873047108,9.525760021194142,5.065024614049042,RCbenchmark x Xoar 2407 2300kv,RCbenchmark x Xoar 8x4
21.3280538,0.6,8155.000000000045,0.3564844109967012,0.049188858472918,14.765321592136,4.9361170924694,72.88335628675,42.00677371935126,57.63561924080598,8.486355400164417,4.891163485860339,RCbenchmark x Xoar 2407 2300kv,RCbenchmark x Xoar 8x4
25.425835,0.7,9328.000000000036,0.5002533542163022,0.064078037036449,14.719099462446,7.0300289741173,103.47569569390976,62.59308464486688,60.49061494597026,7.99215052356949,4.834500999114766,RCbenchmark x Xoar 2407 2300kv,RCbenchmark x Xoar 8x4
29.5042484,0.8,10474.999999999656,0.6339936734266034,0.079790983174122,14.65735451088,9.7493548126358,142.899749741157,87.52587599141333,61.24984553853612,7.243499893549205,4.4366324963829165,RCbenchmark x Xoar 2407 2300kv,RCbenchmark x Xoar 8x4
33.6042364,0.9,11390.999999999576,0.7631924667805826,0.097303195623236,14.58901420469,12.800133033755,186.7413226513734,116.06935562412556,62.15515343693638,6.575314066979704,4.086896547291697,RCbenchmark x Xoar 2407 2300kv,RCbenchmark x Xoar 8x4
37.694429,1.0,12324.000000000126,0.8999124157848808,0.11172163923316,14.503434214996,16.439111396344,238.42357068986624,144.1841783402319,60.47396149761639,6.241408912851411,3.77442722286656,RCbenchmark x Xoar 2407 2300kv,RCbenchmark x Xoar 8x4
