Time (s),Throttle,Rotation speed (rpm),Thrust (kgf),Torque (N⋅m),Voltage (V),Current (A),Electrical power (W),Mechanical power (W),Motor & ESC efficiency (%),Propeller efficiency (gf/W),Propulsion system efficiency (gf/W),Motor_Name,Propeller_Name
0.28071740000054,0.0,0.0,-0.0004647690164789,6.69179695386e-05,14.883229008609,0.61438252885455,9.143995875830594,0.0,0.0,,,RCbenchmark x Xoar 2407 1500kv,RCbenchmark x Xoar 8x8
8.9623096000002,0.3,2716.0000000000387,0.0503538411538027,0.0098498890119114,14.875938024437,0.91398188735974,13.59633791182145,2.801494153709182,20.60476998937633,17.973923339134664,3.703485562095527,RCbenchmark x Xoar 2407 1500kv,RCbenchmark x Xoar 8x8
13.0663074,0.4,3636.999999999976,0.0910509207148751,0.016809257082863,14.868354920488,1.2432632745247,18.485279625241347,6.402070295220958,34.63334298973241,14.22210574333168,4.925590662450492,RCbenchmark x Xoar 2407 1500kv,RCbenchmark x Xoar 8x8
17.1573808,0.5,4599.999999999953,0.1463887080959757,0.026376485486175,14.854934112389,1.7740993944406,26.354129613244336,12.705839864735598,48.21195027571788,11.521372034781423,5.554678156489285,RCbenchmark x Xoar 2407 1500kv,RCbenchmark x Xoar 8x8
21.2548098,0.6,5487.999999999974,0.20572690942488,0.036806199059682,14.836930778481,2.5307539953404,37.54862184622974,21.152596804455342,56.33388328093665,9.725846491885484,5.478947010821839,RCbenchmark x Xoar 2407 1500kv,RCbenchmark x Xoar 8x8
25.355712800001,0.7,6352.000000000011,0.2727931434304885,0.049301217866534,14.81261914762,3.563278161248,52.781482319598304,32.79417840716039,62.13197690922669,8.318340531163482,5.16834941805334,RCbenchmark x Xoar 2407 1500kv,RCbenchmark x Xoar 8x8
29.459631,0.8,7186.999999999955,0.3428406854191697,0.061456215448173,14.7844080343,4.8434460234167,71.60748230230024,46.25323095483847,64.5927345407488,7.412253767826909,4.7877773997390864,RCbenchmark x Xoar 2407 1500kv,RCbenchmark x Xoar 8x8
33.568954400001,0.9,7925.999999999969,0.4194912055699653,0.076766368012893,14.749412403323,6.4041766593713,94.45784265280273,63.71675938866599,67.45523463082758,6.583687080052362,4.441041567208802,RCbenchmark x Xoar 2407 1500kv,RCbenchmark x Xoar 8x8
37.6778288,1.0,8599.999999999962,0.5022399523032024,0.094093266750812,14.709605559296,8.2011845257517,120.63618949280952,84.7394451319628,70.2438012077741,5.92687327042413,4.163261077913426,RCbenchmark x Xoar 2407 1500kv,RCbenchmark x Xoar 8x8
