Time (s),Throttle,Rotation speed (rpm),Thrust (kgf),Torque (N⋅m),Voltage (V),Current (A),Electrical power (W),Mechanical power (W),Motor & ESC efficiency (%),Propeller efficiency (gf/W),Propulsion system efficiency (gf/W),Motor_Name,Propeller_Name
0.27903560000051,0.0,0.0,0.0002538364382286,3.7819512208e-06,14.886503662428,0.65928086593189,9.814387025263782,0.0,0.0,,,RCbenchmark x Xoar 2407 2300kv,RCbenchmark x Xoar 7x4
8.9584074000004,0.3,4421.00000000004,0.0661915850922455,0.010261710355303,14.871580450332,1.2912072990981,19.20229322659329,4.750823379977194,24.740916743203204,13.932655415315253,3.44706667642054,RCbenchmark x Xoar 2407 2300kv,RCbenchmark x Xoar 7x4
13.040708400001,0.4,5935.999999999997,0.1248641779413459,0.018120179793469,14.855711351041,1.9594528303814,29.10906565412638,11.263802133573115,38.69516894636708,11.08543779983255,4.289528885089643,RCbenchmark x Xoar 2407 2300kv,RCbenchmark x Xoar 7x4
17.106217200001,0.5,7328.000000000031,0.1939179813366236,0.027541895513732,14.832673927978,2.929313973796,43.44955900598556,21.135275097728183,48.6432442152442,9.175086694635343,4.463059827831849,RCbenchmark x Xoar 2407 2300kv,RCbenchmark x Xoar 7x4
21.210629600001,0.6,8658.999999999962,0.2787775538515089,0.0382270264467,14.803693701243,4.2047985761018,62.24655019603376,34.66305806273863,55.68671348624762,8.042497385745184,4.478602476338876,RCbenchmark x Xoar 2407 2300kv,RCbenchmark x Xoar 7x4
25.280785400001,0.7,9976.999999999563,0.3800079260268389,0.049913477901638,14.765885668249,5.8564251123647,86.47530363383947,52.14905250508884,60.30513951810156,7.286957437812639,4.39440984949759,RCbenchmark x Xoar 2407 2300kv,RCbenchmark x Xoar 7x4
29.359917200001,0.8,11267.99999999975,0.4936308421866183,0.062629598645596,14.71945246708,7.9774736483267,117.42404417392812,73.90181163805535,62.93584261890369,6.679549949387516,4.203831043797588,RCbenchmark x Xoar 2407 2300kv,RCbenchmark x Xoar 7x4
33.450011200001,0.9,12420.000000000246,0.6033660313062361,0.075381789387187,14.664475290732,10.356006402297,151.86539999714674,98.04301456184317,64.5591520936864,6.154095057181738,3.9730315879559934,RCbenchmark x Xoar 2407 2300kv,RCbenchmark x Xoar 7x4
37.538896000001,1.0,13516.999999999607,0.741252723825496,0.091248413008701,14.592596558813,13.533134961707,197.48357867215748,129.1618484768449,65.40384235757978,5.73894483987957,3.753490436063293,RCbenchmark x Xoar 2407 2300kv,RCbenchmark x Xoar 7x4
