Time (s),Throttle,Rotation speed (rpm),Thrust (kgf),Torque (N⋅m),Voltage (V),Current (A),Electrical power (W),Mechanical power (W),Motor & ESC efficiency (%),Propeller efficiency (gf/W),Propulsion system efficiency (gf/W),Motor_Name,Propeller_Name
0.33775839999987,0.0,0.0,0.0002571227000196,-2.59608987618e-05,22.682885240482,0.016352325402667,0.3709179205237142,0.0,0.0,,,T-Motor MN3510 360Kv,T-Motor MF1302
9.0494825999998,0.5555555555555556,3493.999999999988,0.4279263427240291,0.070301270756545,22.635358078976,1.6068266754425,36.37109716949154,25.722589912642576,70.72261194864079,16.63620748055796,11.765560459445757,T-Motor MN3510 360Kv,T-Motor MF1302
24.2517664,1.0,2.0000000000000044,1.3942006127175948,0.21595218832201,22.416526961626,8.4043643046789,188.39665903116173,0.0452289205572711,0.0240072837755525,30825.423104055444,7.400346799605332,T-Motor MN3510 360Kv,T-Motor MF1302
