Time (s),Throttle,Rotation speed (rpm),Thrust (kgf),Torque (N⋅m),Voltage (V),Current (A),Electrical power (W),Mechanical power (W),Motor & ESC efficiency (%),Propeller efficiency (gf/W),Propulsion system efficiency (gf/W),Motor_Name,Propeller_Name
0.0,0.0,0.0,-1.83514844303e-05,-2.22254884623e-05,0.0003647619253024,0.022660900242627,8.2658336015e-06,0.0,0.0,,,T-Motor Antigravity MN5008 KV340,Airbound - CF 15x12
5.1252000000006,0.2,371.00000000000216,0.0077535762236195,0.0039397209581972,0.0003942857240326,0.022655475065112,8.9327303893e-06,0.1530622137873979,1713498.6405708033,50.6563705813718,867996.2212743143,T-Motor Antigravity MN5008 KV340,Airbound - CF 15x12
9.7748000000006,0.3333333333333333,1412.000000000004,0.1166847957796291,0.049270414344867,0.000270158748608,0.022431485652924,6.0600620934e-06,7.285335043472186,120218818.40764868,16.01639390410482,19254719.503029484,T-Motor Antigravity MN5008 KV340,Airbound - CF 15x12
15.9248808,0.6666666666666666,3510.0000000000405,0.7965835238515294,0.26886360464327,0.0001921269972808,0.022231057733297,4.2711863686e-06,98.82521124430237,2313764905.4385843,8.060529431931323,186501701.18857503,T-Motor Antigravity MN5008 KV340,Airbound - CF 15x12
22.0749604,1.0,5192.99999999997,1.7714913305337705,0.58008992859366,0.0003133333381265,0.023250713050365,7.2852235338e-06,315.458523275597,4330114536.746659,5.615607757683333,243162247.8421191,T-Motor Antigravity MN5008 KV340,Airbound - CF 15x12
