Time (s),Throttle,Rotation speed (rpm),Thrust (kgf),Torque (N⋅m),Voltage (V),Current (A),Electrical power (W),Mechanical power (W),Motor & ESC efficiency (%),Propeller efficiency (gf/W),Propulsion system efficiency (gf/W),Motor_Name,Propeller_Name
0.0,0.0,0.0,5.81278815087e-05,-1.69935339812e-05,14.987729988098,0.069894747883081,1.0475636088578024,0.0,0.0,,,T-Motor Antigravity MN5008 KV340,Airbound - CF 15x12
5.89996,0.2404255319148936,892.0000000000047,0.0464529521857301,0.022023827928172,14.973991889954,0.38727988600731,5.79912587221577,2.057246241752652,35.475109302406025,22.580161403602784,8.010336938587788,T-Motor Antigravity MN5008 KV340,Airbound - CF 15x12
10.3575592,0.32978723404255317,1386.000000000015,0.1135348584778288,0.047914001220711,14.953727340698,0.82417100667953,12.324428515994285,6.954313869845481,56.4270697081035,16.32581741386825,9.21218037254114,T-Motor Antigravity MN5008 KV340,Airbound - CF 15x12
16.0749598,0.5531914893617021,2622.00000000002,0.4310202012543223,0.15424977585799,14.808797531128,3.7786533546448,55.95731246925245,42.35316273590168,75.68834325124887,10.176812625352245,7.702660871913038,T-Motor Antigravity MN5008 KV340,Airbound - CF 15x12
21.8244,0.776595744680851,3609.999999999984,0.8781519212301245,0.2932792725215,14.532261390686,9.4295921325684,137.0332976780402,110.8708022964451,80.90792834668264,7.920497579535248,6.408310506351112,T-Motor Antigravity MN5008 KV340,Airbound - CF 15x12
27.5744,1.0,4360.000000000033,1.2859679332004303,0.42428561190349,14.185412750244,16.447285308838,233.3115307268914,193.7195322538736,83.03041502078044,6.638297740235828,5.511806164032896,T-Motor Antigravity MN5008 KV340,Airbound - CF 15x12
