Time (s),Throttle (µs),Rotation speed (rpm),Thrust (kgf),Torque (N⋅m),Voltage (V),Current (A),Electrical power (W),Mechanical power (W),Motor & ESC efficiency (%),Propeller efficiency (gf/W),Propulsion system efficiency (gf/W),Motor_Name,Propeller_Name
0.34329699999999,1000,0.0,-0.001238446157975,-9.31095758193e-05,23.894135131836,0.034124523624778,0.8153759787999755,0.0,0.0,,,T-Motor Antigravity MN4004 300kV,APC 16x55MRP
5.0887744,1100,519.9999999999992,0.0118476242468325,0.0038034174373553,23.894449005127,0.061608072668314,1.4720909506771875,0.2071123301819989,14.069261826976362,57.203857618817125,8.048160503522146,T-Motor Antigravity MN4004 300kV,APC 16x55MRP
9.8325402,1200,1164.9999999999654,0.0809011038403104,0.018807646175567,23.891303634644,0.17899246752262,4.276363389897069,2.29450489869314,53.65551730505221,35.25863199786086,18.918201393136908,T-Motor Antigravity MN4004 300kV,APC 16x55MRP
14.5831788,1300,1721.999999999961,0.1868579656065119,0.039481506805722,23.885980453491,0.4517775952816,10.791150810221463,7.119598193503407,65.97626442918086,26.24557742275664,17.31585156140331,T-Motor Antigravity MN4004 300kV,APC 16x55MRP
19.3628764,1400,2210.000000000018,0.3230669878953975,0.066786716568261,23.876029129028,0.92659357070923,22.123375085023643,15.456493815446589,69.86499011134073,20.90169942503633,14.602970236403795,T-Motor Antigravity MN4004 300kV,APC 16x55MRP
24.1639864,1500,2668.999999999982,0.4920287916020557,0.1000159227912,23.858284683228,1.6408814764023,39.14861739544154,27.95415301422961,71.40521140724779,17.601277039286305,12.568229080277751,T-Motor Antigravity MN4004 300kV,APC 16x55MRP
28.9328864,1600,3119.000000000012,0.6800580372248628,0.13762592570462,23.833715820312,2.6597831821442,63.39251650687002,44.95150594902366,70.90979886269722,15.128704208398906,10.727733724708074,T-Motor Antigravity MN4004 300kV,APC 16x55MRP
33.6857076,1700,4447.000000000029,0.9171012076313216,0.18191750559263,23.796935348511,4.1041818809509,97.66695087951884,84.71693596758364,86.7406376514096,10.82547659634721,9.39008742847568,T-Motor Antigravity MN4004 300kV,APC 16x55MRP
