Time (s),Throttle (µs),Rotation speed (rpm),Thrust (kgf),Torque (N⋅m),Voltage (V),Current (A),Electrical power (W),Mechanical power (W),Motor & ESC efficiency (%),Propeller efficiency (gf/W),Propulsion system efficiency (gf/W),Motor_Name,Propeller_Name
0.0,1000,0.0,-9.21138663149e-05,-1.58197879531e-05,15.165295906067,0.097424916327,1.477477684722773,0.0,0.0,,,EMAX ECOII-2807-1300KV,HQ Prop 7X4X3
4.8925386000007,1100,3306.9999999999536,0.0514060541804194,0.0088583363526671,15.145934791565,0.64726846456528,9.803485956942133,3.067714784637589,31.29208118531808,16.75711654742127,5.243650514337434,EMAX ECOII-2807-1300KV,HQ Prop 7X4X3
9.0642506,1125,4063.000000000023,0.0798535566448675,0.013325355078877,15.131551513672,0.95107478141785,14.391237048378532,5.669623641976865,39.39636059719872,14.084454575370096,5.548762512661457,EMAX ECOII-2807-1300KV,HQ Prop 7X4X3
13.2848796,1150,4739.000000000023,0.1106512602139466,0.017776797941433,15.116994361877,1.3395210647583,20.24953238356669,8.822036753183463,43.56661964373507,12.542597963448497,5.464385948178467,EMAX ECOII-2807-1300KV,HQ Prop 7X4X3
17.510785,1175,5293.000000000009,0.1398860527056334,0.021952161953436,15.099652061462,1.7578769731522,26.5433306614542,12.167680852619172,45.840821590219214,11.49652545953505,5.270101724979591,EMAX ECOII-2807-1300KV,HQ Prop 7X4X3
21.685342,1200,5855.00000000002,0.1732759343124614,0.027433725038289,15.080177612305,2.2550081348419,34.00592319060848,16.820554127813967,49.46360089544445,10.301440309028674,5.095463320940383,EMAX ECOII-2807-1300KV,HQ Prop 7X4X3
25.894431400001,1225,6319.0,0.2047511746548617,0.032521781375153,15.059010314941,2.7484269046783,41.38858910741189,21.5204475711167,51.99608886223862,9.514261911990394,4.947044078344648,EMAX ECOII-2807-1300KV,HQ Prop 7X4X3
30.2290054,1250,6784.999999999985,0.2381399372299001,0.037568096372459,15.03396686554,3.2916908836365,49.48717167619122,26.693016768776065,53.93926519671833,8.92143212184478,4.812154931547072,EMAX ECOII-2807-1300KV,HQ Prop 7X4X3
