Time (s),Throttle (µs),Rotation speed (rpm),Thrust (kgf),Torque (N⋅m),Voltage (V),Current (A),Electrical power (W),Mechanical power (W),Motor & ESC efficiency (%),Propeller efficiency (gf/W),Propulsion system efficiency (gf/W),Motor_Name,Propeller_Name
0.0,1000,0.0,0.0001130932499238,-0.000146964546098,25.012334213257,0.044614490568638,1.115912548856976,0.0,0.0,,,T-Motor Antigravity MN5008 KV340,Airbound - CF 15x12
8.7511192,1150,384.9999999999999,0.0085892964772796,0.0038083191984203,24.985138015747,0.58358864307404,14.581042791627404,0.1535404077422879,1.0530139026164338,55.941602628126574,0.5890728530206132,T-Motor Antigravity MN5008 KV340,Airbound - CF 15x12
13.3996796,1250,1433.99999999998,0.1199630450208481,0.046060428728042,24.955733947754,1.0745547318459,26.81630200024642,6.9168083957314845,25.79329691196021,17.343699312949013,4.473511859306542,T-Motor Antigravity MN5008 KV340,Airbound - CF 15x12
19.521759,1500,3487.999999999969,0.869218505467188,0.26754446293011,24.696333999634,5.6666424369812,139.94529428018768,97.72396095811622,69.83011573255249,8.894630313232277,6.211130641712796,T-Motor Antigravity MN5008 KV340,Airbound - CF 15x12
23.6504794,1550,2887.000000000022,1.0796364745010785,0.327031410254,24.596372375488,7.4791850662231,183.96082095401223,98.8700762353077,53.74518102418337,10.919749590680777,5.8688391848989045,T-Motor Antigravity MN5008 KV340,Airbound - CF 15x12
29.2725992,1750,3545.9999999999663,2.1670561698886983,0.57407874119559,24.102982940674,17.625631942749,424.83030603467785,213.1762479099951,50.17915268328198,10.165561084477144,5.100992417692082,T-Motor Antigravity MN5008 KV340,Airbound - CF 15x12
