Time (s),Throttle (µs),Rotation speed (rpm),Thrust (kgf),Torque (N⋅m),Voltage (V),Current (A),Electrical power (W),Mechanical power (W),Motor & ESC efficiency (%),Propeller efficiency (gf/W),Propulsion system efficiency (gf/W),Motor_Name,Propeller_Name
0.28177880000062,1000,0.0,0.0001832632432641,-4.26768974315e-05,14.884880659717,0.61047852731861,9.086900024457291,0.0,0.0,,,RCbenchmark x Xoar 2407 1500kv,RCbenchmark x Xoar 9x4
8.9864156000005,1150,2750.999999999962,0.0458369236797611,0.0094434901566042,14.876751023852,0.90631166484546,13.482972987918709,2.7205188558315374,20.17744052642717,16.848596208590124,3.399615479526135,RCbenchmark x Xoar 2407 1500kv,RCbenchmark x Xoar 9x4
13.1055686,1200,3676.000000000007,0.0834682532225133,0.015521468618588,14.869322191757,1.2405148327194,18.445614731358297,5.974986548065218,32.39245010309956,13.969613580057592,4.525100108515976,RCbenchmark x Xoar 2407 1500kv,RCbenchmark x Xoar 9x4
17.210981200001,1250,4606.999999999975,0.1355493892492237,0.024813552236862,14.856468023383,1.7449143041786,25.923263563572966,11.971147207705332,46.17916713436897,11.323007469323926,5.228870543896178,RCbenchmark x Xoar 2407 1500kv,RCbenchmark x Xoar 9x4
21.323403800001,1300,5488.999999999976,0.1978537741724646,0.035318531531003,14.838906273955,2.49995237953,37.09655904919645,20.301329824415063,54.725641258241744,9.74585290144486,5.333480496400658,RCbenchmark x Xoar 2407 1500kv,RCbenchmark x Xoar 9x4
25.420328000001,1350,6358.000000000031,0.2671446625351062,0.047286405380044,14.815141814759,3.5237970002319,52.20555228485795,31.48367659481878,60.30714208908105,8.485179986224033,5.117169550806394,RCbenchmark x Xoar 2407 1500kv,RCbenchmark x Xoar 9x4
29.539735000001,1400,7189.9999999999645,0.3453864280280626,0.060686479941856,14.785592286185,4.8289625174629,71.39907094847595,45.69297716062811,63.99659905042987,7.558851479821475,4.837407874358834,RCbenchmark x Xoar 2407 1500kv,RCbenchmark x Xoar 9x4
33.647877000001,1450,7944.000000000027,0.4305202984439742,0.074717738925027,14.752139611815,6.2770973185189,92.60061599974038,62.15721888048208,67.1239799103025,6.926312119462628,4.64921635559294,RCbenchmark x Xoar 2407 1500kv,RCbenchmark x Xoar 9x4
37.7434796,1500,8653.000000000038,0.5203058245770269,0.08873104442888,14.714587723501,8.0151337255602,117.93938832034696,80.40275224123197,68.17294322643257,6.471243957121716,4.411637468932535,RCbenchmark x Xoar 2407 1500kv,RCbenchmark x Xoar 9x4
