Time (s),Throttle (µs),Rotation speed (rpm),Thrust (kgf),Torque (N⋅m),Voltage (V),Current (A),Electrical power (W),Mechanical power (W),Motor & ESC efficiency (%),Propeller efficiency (gf/W),Propulsion system efficiency (gf/W),Motor_Name,Propeller_Name
0.28421699999999,1000,0.0,0.0004254116661346,-1.84125071565e-05,14.865842952067,0.65937113237365,9.80210770099326,0.0,0.0,,,RCbenchmark x Xoar 2407 2300kv,RCbenchmark x Xoar 8x6
8.9627858,1150,4102.999999999962,0.0894360898605772,0.015694155529475,14.846263342484,1.4230365085213,21.1267747514762,6.743231772183059,31.917942286538025,13.263089996330226,4.233305410440279,RCbenchmark x Xoar 2407 2300kv,RCbenchmark x Xoar 8x6
13.0783632,1200,5379.000000000001,0.1611709475380073,0.025765707765684,14.82798830657,2.2169707963737,32.87321704463641,14.513502730856734,44.1499312682108,11.104896628113526,4.90280422871798,RCbenchmark x Xoar 2407 2300kv,RCbenchmark x Xoar 8x6
17.1910226,1250,6731.000000000002,0.262249345778793,0.040372187942306,14.797683089314,3.5691361137206,52.81494511346321,28.45709048893707,53.88075369159664,9.21560641910123,4.965438195862903,RCbenchmark x Xoar 2407 2300kv,RCbenchmark x Xoar 8x6
21.274898,1300,7957.999999999976,0.3877769720333141,0.055452577000508,14.756806126687,5.3191510569895,78.49368090655628,46.21194910203968,58.87346416720249,8.391270646842262,4.94023171744166,RCbenchmark x Xoar 2407 2300kv,RCbenchmark x Xoar 8x6
25.3694276,1350,9059.000000000022,0.5065438766803649,0.072097648572452,14.706755803642,7.6143615506317,111.98255592578126,68.39588576698372,61.07726797405349,7.406057703618268,4.5234177099519615,RCbenchmark x Xoar 2407 2300kv,RCbenchmark x Xoar 8x6
29.486655,1400,10055.000000000202,0.643091751111868,0.090487118356143,14.638243807206,10.553256273106,154.48113828565178,95.2790571455572,61.67682229876908,6.749560400554983,4.162914374198383,RCbenchmark x Xoar 2407 2300kv,RCbenchmark x Xoar 8x6
33.5929784,1450,10967.999999999727,0.772710174998812,0.10702764397007,14.562739849339,13.913198822768,202.61429492810004,122.92834226601288,60.67111025391144,6.285858580332051,3.813700189678211,RCbenchmark x Xoar 2407 2300kv,RCbenchmark x Xoar 8x6
37.685813,1500,11668.000000000093,0.8946974640057308,0.12421304607912,14.474711318889,17.632808717914,255.2298159329944,151.77220737387069,59.46492059286502,5.895001986771942,3.505458250381751,RCbenchmark x Xoar 2407 2300kv,RCbenchmark x Xoar 8x6
